,Quantity,Reference ID,Manufacturer,P/N,Package,Supplier,Supplier P/N,Description,URL,Datasheet,Notes
,1,Y1,NDK,NX2520SA-16.000M-STD-CSW-4,4-SMD,Digi-Key,644-1168-1-ND,16MHz ±15ppm Crystal 8pF 80 Ohm -10°C ~ 75°C Surface Mount 4-SMD,http://www.digikey.com/product-detail/en/NX2520SA-16MHZ-STD-CSW-4/644-1168-1-ND/3125557,http://www.ndk.com/images/products/catalog/c_NX2520SA-STD-CSW-4_e.pdf,
,1,U1,Atmel,ATmega32U4-AU,TQFP44,PJRC,IC_ATMEGA32U4_TQFP,8-bit Microcontroller with 32K bytes of ISP Flash and USB Controller,https://www.pjrc.com/store/ic_atmega32u4_tqfp.html,http://www.atmel.com/Images/Atmel-7766-8-bit-AVR-ATmega16U4-32U4_Summary.pdf,
,1,U2,MAXIM,DS3231SN,16-SOIC,Digi-Key,DS3231SN#-ND,Extremely Accurate I2C-Integrated RTC/TCXO/Crystal,http://www.digikey.com/product-detail/en/DS3231SN%23/DS3231SN%23-ND/1197576,https://datasheets.maximintegrated.com/en/ds/DS3231.pdf,
,1,BT1,KEYSTONE,3012,,Digi-Key,36-3012-ND,Battery Retainer 16mm Compact SMD,http://www.digikey.com/product-detail/en/3012/36-3012-ND/1627783,http://keyelco.com/userAssets/file/M65p9.pdf http://www.keyelco.com/product-pdf.cfm?p=790,
,1,SW1,TT Electronics / BI Technologies,EN11-HSM1AF15,,Digi-Key,987-1188-ND,Rotary Encoder 11mm SW Top Adjust,http://www.digikey.com/product-detail/en/EN11-HSM1AF15/987-1188-ND/2408766,http://www.bitechnologies.com/pdfs/en11.pdf,
,2,"DS0,DS1",HP,HPDL-1414,DIP,UTSource,HPDL1414,LED Display Module,,http://www.farnell.com/datasheets/76528.pdf,
,1,J1,Molex,105133-0011,,Digi-Key,WM10134CT-ND,USB Micro-B Vertical Female,http://www.digikey.com/product-search/en?keywords=WM10134CT-ND,http://www.molex.com/pdm_docs/sd/1051330011_sd.pdf,
,1,,TBD,TBD,,TBD,,Knobs,,,
,1,"J2,J3,J4,J5",TE Connectivity,9-146458-0,,Digi-Key,A114600-ND ,Connector Header 40 Pos .100” (2.54mm) Stacker,http://www.digikey.com/product-search/en?keywords=A114600-ND%20,http://www.te.com/commerce/DocumentDelivery/DDEController?Action=srchrtrv&DocNm=146458&DocType=Customer+Drawing&DocLang=English,Break apart into 
,1,,Panasonic,CR1632,,Digi-Key,P036-ND,Battery - 16mm 3V Lithium Coin Cell,http://www.digikey.com/product-search/en?keywords=P036-ND,https://na.industrial.panasonic.com/sites/default/pidsa/files/crseries_datasheets_merged.pdf,
,1,,OSH Park,,,,,PCB,,,
,1,J8,Tag-Connect,TC2030-IDC-NL,,Tag-Connect,TC2030-IDC-NL,Tag-Connect Programming Cable,http://www.tag-connect.com/TC2030-IDC-NL-10,http://www.tag-connect.com/Materials/TC2030-IDC-NL.pdf,OPTIONAL This is the programming fixture necessary to load a bootloader on to the AVR if not using PJRC chip with pre-programmed Teensy bootloader.
,2,"R1, R2",Generic,22Ω resistor,0603 (1608 metric),,,22Ω resistor,,,
,6,"R4, R5, R6, R7, R8, R9",Generic,10K resistor,0603 (1608 metric),,,10K resistor,,,See note about SMD passives book
,1,R3,Generic,1K resistor,0603 (1608 metric),,,1K resistor,,,See note about SMD passives book
,7,"C8, C11, C12, C10, C7, C13, C9",Generic,0.1 uF capacitor,0603 (1608 metric),,,0.1uF capacitor,,,See note about SMD passives book
,2,"C5, C6",Generic,1 uF capacitor,0603 (1608 metric),,,1uF capacitor,,,See note about SMD passives book
,2,"C1, C2",Generic,10pF capacitor,0603 (1608 metric),,,10pF capacitor,,,See note about SMD passives book
,,,,,,,,,,,
,,,"*NOTE, SMD assortment books can be a convenient source for passives",,,,,,,,
,,,Adafruit,,,,442,SMT 0603 Resistor and Capacitor Book - 3725 pieces,https://www.adafruit.com/products/442,,
,,,,,,,,,,,
,,,,,,,,,,,
,,,,,,,,,,,
,,,,,,,,,,,
,,,,,,,,,,,
,,,,,,,,,,,
,,,,,,,,,,,
,,,,,,,,,,,